{
  "model": "Datadog/Toto-2.0-2.5B",
  "device": "cuda",
  "context_hours": 8704,
  "horizon_hours": 672,
  "n_windows": 158,
  "mean_mae": 58.44947160769113,
  "mean_mape": 22.875593700996102,
  "mean_inference_time": 0.18301484403730947,
  "total_inference_time": 28.916345357894897
}